Last name,First Name,Middle Name,Company,Phone (work),Phone (cell)
Wood,Roanna,Kirk,Neque Foundation,(033777) 572188,(031) 47860621
Flores,Ryder,Tiger,Mi Fringilla Limited,(0586) 52911767,(033948) 047261
Stokes,Zachary,Hayley,Eget Company,(04661) 0474778,(058) 79667640
Garcia,Cullen,Amber,Sem Mollis PC,(0321) 61038726,(02811) 6493240
Ross,May,Alec,Orci Sem Corporation,(0042) 35586478,(0223) 20195805
Harris,Malik,Donna,Condimentum Eget Volutpat Corp.,(031105) 147238,(05072) 8418290
Bailey,Amir,Cara,Vulputate Posuere Associates,(0858) 84150113,(017) 86387765
Keller,September,Cameron,Aliquet Lobortis Ltd,(09765) 3277368,(07744) 7869675
Graham,Alden,Lyle,Gravida Sagittis Foundation,(053) 41527598,(037388) 457819
Massey,Rafael,Coby,Condimentum Corp.,(05323) 1388814,(037258) 304353
Colon,Derek,Jacob,Sit Amet Massa Incorporated,(07743) 6657276,(06845) 4804706
Hodge,Barbara,Cullen,In Consectetuer Industries,(0211) 55305277,(049) 93744642
Sims,Lucas,Abraham,Pede Cum Foundation,(01478) 0279981,(032864) 622308
Espinoza,Madeson,Samson,Turpis In Industries,(00857) 6966996,(018) 31834482
Boone,Thane,Lionel,Aliquet Diam LLP,(038554) 483885,(036993) 725263
Schmidt,Regina,Galvin,Amet Associates,(0215) 62801555,(036576) 481293
Anderson,Randall,Jana,Aliquam LLP,(0223) 93735324,(00715) 1241334
Wong,Ivory,Dahlia,Malesuada Vel Venenatis Associates,(042) 13495722,(043) 68485606
Hopper,Francis,Regan,Integer Eu Lacus Industries,(085) 71868897,(0487) 49731256
Walsh,Len,Rashad,Nec Quam Curabitur Associates,(0275) 84250114,(08137) 7776189
Barr,Galvin,Vielka,Amet Consectetuer Consulting,(0185) 09164534,(057) 13821248
Frye,Yoshi,Nayda,Ipsum Leo Elementum Associates,(034242) 586353,(034775) 816642
Allison,Gillian,Warren,Phasellus Dapibus PC,(035476) 896758,(0183) 86275135
King,Emmanuel,Odessa,Magnis Dis PC,(033) 46207165,(032271) 203884
Mann,Ryan,Roth,Luctus Ltd,(03588) 1831522,(038836) 428443
Chapman,Yolanda,Chaim,Volutpat Nulla Dignissim Corp.,(04752) 9128318,(05042) 5964605
Santana,Kenyon,Oscar,Malesuada Augue Ut Foundation,(031136) 571571,(041) 97752381
Kemp,Salvador,Jesse,In Tincidunt Associates,(036318) 804581,(03832) 3519536
Holt,Kevin,Basil,Vestibulum Company,(031526) 687614,(0987) 51599192
Kemp,Andrew,Amela,Erat Vivamus Nisi Corporation,(0518) 85143771,(0219) 22936603
Maxwell,Anjolie,Desirae,Luctus Sit Corporation,(0695) 68701673,(05584) 8146747
Downs,Athena,Kitra,Massa Quisque Limited,(01936) 6550908,(034342) 256432
Casey,Wang,Vincent,Nec Quam Curabitur Limited,(036983) 767485,(002) 57187245
Pratt,Ima,Kiayada,Nisl Maecenas Associates,(0238) 13933753,(084) 77213442
Tyler,Raya,Sybil,In Faucibus Orci LLC,(033) 31147529,(05703) 6215687
Golden,Jonas,Brody,Nec Mollis Vitae LLC,(035114) 284310,(04694) 6664227
Graves,Jolene,Cooper,Natoque Foundation,(0557) 31263511,(039513) 308378
Pope,Dara,Tarik,Sociis Natoque Inc.,(00282) 9917572,(0087) 85734227
Montgomery,Kellie,Cedric,Tortor Ltd,(0764) 86235540,(0819) 16325369
Faulkner,Zenaida,Gisela,Feugiat Tellus Corp.,(02756) 9663615,(034472) 445781
Spencer,Jade,Sacha,Mus Proin Institute,(089) 87515648,(0761) 46205441
Noble,Rhonda,Lara,Pede Cum LLC,(024) 46193342,(031633) 017632
Cantu,Harper,Joshua,Phasellus Libero Limited,(045) 56627614,(062) 26688257
Wilkins,Constance,Randall,Per Ltd,(090) 78840868,(066) 88396552
Howell,Luke,Kessie,Congue In Scelerisque Associates,(008) 27485841,(035) 73548888
Huff,Kimberley,Bradley,Feugiat Lorem Foundation,(06520) 0642772,(054) 45453969
Green,Adara,Nola,Lacinia Vitae PC,(0231) 46538138,(0489) 60126047
Tillman,Declan,Valentine,Egestas Lacinia Institute,(05284) 4191106,(0610) 46619173
Rasmussen,Yoko,Quamar,Nec Luctus Felis Corporation,(046) 32786685,(016) 68743613
Rocha,Germaine,Reese,Lectus Pede Corporation,(0732) 64221480,(08317) 2653316
Phillips,Helen,Clare,Interdum Inc.,(08184) 2673517,(033883) 076142
Gill,Sawyer,Melinda,Metus Aenean Sed PC,(0452) 60745317,(0857) 66866730
Head,Hedwig,Maite,Adipiscing Non Luctus PC,(05274) 9377531,(079) 54722114
Fuentes,Hiroko,Alisa,Class Aptent PC,(02671) 1871553,(092) 63136536
Potter,Maxwell,Ori,Cras Lorem Inc.,(04884) 2440861,(044) 18012479
Meyer,Lucius,Wade,Sem Elit Inc.,(028) 02594812,(034520) 357475
Guerra,Benjamin,Erasmus,Adipiscing Non Luctus Associates,(086) 45836302,(01076) 2075817
Harris,Glenna,Ann,Quisque Varius Nam Associates,(034842) 871666,(0051) 99167413
Wolf,Kamal,Callie,Nisl Inc.,(01583) 4794035,(030) 68575148
Merrill,Pascale,Carson,Molestie Tellus Incorporated,(0864) 61675633,(05477) 3754357
Guzman,MacKenzie,Donovan,Lacus Quisque Imperdiet Incorporated,(06934) 3162886,(063) 89455696
Douglas,Phillip,Gisela,Tincidunt Orci PC,(01850) 7252127,(04695) 3413952
Mathews,Hyatt,Shaine,Aenean Ltd,(033269) 581147,(04452) 4382727
Petty,Fitzgerald,Reese,Iaculis Inc.,(00366) 5083088,(08607) 6564837
Chang,Zelda,Ezekiel,At Foundation,(05642) 6845111,(05032) 6633188
Beasley,Brooke,Yuli,Justo Sit Associates,(0553) 26631745,(06721) 6612824
Reed,Charde,Stella,Eu Neque Pellentesque Corp.,(064) 27820068,(0275) 92314170
Zimmerman,Fitzgerald,Ignacia,Ac Eleifend Incorporated,(035277) 431107,(06377) 6757641
Mcleod,Christen,Joshua,Per Inceptos Hymenaeos PC,(044) 09548626,(0298) 17638801
Andrews,Cole,Alec,Donec Felis Limited,(020) 75841566,(0915) 84359972
Rasmussen,Zorita,Axel,Tincidunt Adipiscing Mauris PC,(032) 87480535,(038449) 235680
Griffith,Ava,Carlos,Fusce Dolor Limited,(0238) 26372258,(0490) 43972838
Bush,Peter,Vladimir,Eleifend Nec PC,(035261) 182714,(05268) 3364728
Mcdaniel,Dane,Donna,Dui Lectus Corp.,(030) 65457112,(05043) 6888639
Phillips,Jaime,Iona,Nulla Semper Tellus Limited,(0629) 29168229,(098) 26132110
Byrd,Wyatt,Leilani,Ac Orci PC,(004) 46152557,(03111) 6135229
Hunter,Justina,Lars,Nunc Mauris Industries,(01024) 6161961,(030112) 434897
Mccarthy,Hayley,Kristen,Libero Est Congue Ltd,(038190) 838458,(02260) 9344181
Stephenson,Howard,Kirby,Ligula Nullam Associates,(0410) 67171593,(05355) 7325025
Terry,Fitzgerald,Flynn,Mauris Sagittis Associates,(06619) 2421703,(082) 29291927
Sutton,Amy,Cecilia,Tempus Non Ltd,(084) 84047599,(0623) 14378007
Colon,Demetrius,Ray,Ante Lectus Corporation,(0883) 48446195,(0108) 63542414
Barber,Giselle,Neville,Lectus Sit Amet PC,(0733) 68633610,(068) 67545811
Chang,Amity,Kermit,Eu Tempor PC,(01581) 9487268,(0013) 44498021
Walter,Malachi,Mark,Molestie Pharetra Institute,(034483) 842941,(01012) 2275113
Paul,Gisela,Channing,Dapibus Gravida Corp.,(021) 24818674,(006) 94200382
Morse,Thaddeus,Anne,Pellentesque Ultricies Dignissim Associates,(021) 71823495,(087) 65760363
Ayers,Dahlia,Sonya,Pellentesque Massa Foundation,(0552) 14859692,(014) 57350251
Greer,Beck,Brody,Vivamus Molestie Dapibus Incorporated,(033687) 364259,(073) 02411345
Goodman,Maggie,Garrett,Nisl Sem Consequat Industries,(0836) 63287674,(0322) 18025983
Smith,Audra,Cruz,Sem Semper LLC,(055) 23615403,(036834) 492135
Barron,Elton,Nash,Pellentesque Habitant Morbi PC,(09404) 7035716,(04428) 1746592
Spencer,Uma,Geoffrey,Sit Corporation,(01809) 8062146,(00603) 0624443
Wagner,Holly,Basil,Massa Suspendisse LLP,(0627) 51486722,(07497) 2298882
Robertson,Dylan,Gavin,Nascetur Ridiculus Inc.,(05529) 2570468,(031397) 787475
Whitaker,Yvette,Gary,Hendrerit LLP,(0884) 15701016,(00667) 3670143
Strickland,Plato,Tanek,Pellentesque Eget Ltd,(021) 82103574,(033446) 686185
Dillard,Natalie,Hayden,Eu Sem Incorporated,(064) 67071921,(072) 05544404
Sanford,Amaya,Kato,A Facilisis Corporation,(032515) 826331,(033727) 142765
Roy,Keaton,Aquila,Mauris Inc.,(042) 57212732,(051) 43285327
Roy,Rebecca,Maria,Mauris Inc.,(042) 57212733,(051) 43285328
